,loss,accuracy,model
0,9.592457223619734,0.31333333333333335,TwoLayerGCNLinearHead
