,loss,accuracy,model
0,1.3876421090534756,0.2633333333333333,InductiveHGPSLPool
