,loss,accuracy,model
0,19.914934793199812,0.2633333333333333,TopK
